{
	"IcoMoonType": "selection",
	"icons": [
		{
			"icon": {
				"paths": [
					"M925.714 233.143q-38.286 56-92.571 95.429 0.571 8 0.571 24 0 74.286-21.714 148.286t-66 142-105.429 120.286-147.429 83.429-184.571 31.143q-154.857 0-283.429-82.857 20 2.286 44.571 2.286 128.571 0 229.143-78.857-60-1.143-107.429-36.857t-65.143-91.143q18.857 2.857 34.857 2.857 24.571 0 48.571-6.286-64-13.143-106-63.714t-42-117.429v-2.286q38.857 21.714 83.429 23.429-37.714-25.143-60-65.714t-22.286-88q0-50.286 25.143-93.143 69.143 85.143 168.286 136.286t212.286 56.857q-4.571-21.714-4.571-42.286 0-76.571 54-130.571t130.571-54q80 0 134.857 58.286 62.286-12 117.143-44.571-21.143 65.714-81.143 101.714 53.143-5.714 106.286-28.571z"
				],
				"width": 950.8560180664062,
				"attrs": [],
				"isMulticolor": false,
				"tags": [
					"twitter"
				],
				"defaultCode": 61593,
				"grid": 14
			},
			"attrs": [],
			"properties": {
				"id": 144,
				"order": 3,
				"name": "twitter",
				"prevSize": 28,
				"code": 61593
			},
			"setIdx": 0,
			"setId": 1,
			"iconIdx": 144
		},
		{
			"icon": {
				"paths": [
					"M548 6.857v150.857h-89.714q-49.143 0-66.286 20.571t-17.143 61.714v108h167.429l-22.286 169.143h-145.143v433.714h-174.857v-433.714h-145.714v-169.143h145.714v-124.571q0-106.286 59.429-164.857t158.286-58.571q84 0 130.286 6.857z"
				],
				"width": 602.2870178222656,
				"attrs": [],
				"isMulticolor": false,
				"tags": [
					"facebook",
					"facebook-f"
				],
				"defaultCode": 61594,
				"grid": 14
			},
			"attrs": [],
			"properties": {
				"id": 145,
				"order": 2,
				"name": "facebook, facebook-f",
				"prevSize": 28,
				"code": 61594
			},
			"setIdx": 0,
			"setId": 1,
			"iconIdx": 145
		},
		{
			"icon": {
				"paths": [
					"M731.429 512q0-21.143-17.143-30.857l-292.571-182.857q-17.714-11.429-37.143-1.143-18.857 10.286-18.857 32v365.714q0 21.714 18.857 32 9.143 4.571 17.714 4.571 11.429 0 19.429-5.714l292.571-182.857q17.143-9.714 17.143-30.857zM1024 512q0 54.857-0.571 85.714t-4.857 78-12.857 84.286q-9.143 41.714-39.429 70.286t-70.857 33.143q-126.857 14.286-383.429 14.286t-383.429-14.286q-40.571-4.571-71.143-33.143t-39.714-70.286q-8-37.143-12.286-84.286t-4.857-78-0.571-85.714 0.571-85.714 4.857-78 12.857-84.286q9.143-41.714 39.429-70.286t70.857-33.143q126.857-14.286 383.429-14.286t383.429 14.286q40.571 4.571 71.143 33.143t39.714 70.286q8 37.143 12.286 84.286t4.857 78 0.571 85.714z"
				],
				"width": 1024.0000312328339,
				"attrs": [],
				"isMulticolor": false,
				"tags": [
					"youtube-play"
				],
				"defaultCode": 61802,
				"grid": 14
			},
			"attrs": [],
			"properties": {
				"id": 326,
				"order": 8,
				"name": "youtube-play",
				"prevSize": 28,
				"code": 61802
			},
			"setIdx": 0,
			"setId": 1,
			"iconIdx": 326
		},
		{
			"icon": {
				"paths": [
					"M904 332.571q0 57.714-40.857 98.571t-98.571 40.857-98.571-40.857-40.857-98.571 40.857-98.571 98.571-40.857 98.571 40.857 40.857 98.571zM464 756.571q0-59.429-41.714-101.143t-101.143-41.714q-15.429 0-30.857 3.429l59.429 24q44 17.714 62.571 60.857t0.857 86.571q-17.714 44-61.143 62.286t-86.857 0.571q-12-4.571-35.429-14t-34.857-14q18.286 34.286 52 55.143t74.286 20.857q59.429 0 101.143-41.714t41.714-101.143zM938.286 333.143q0-72-51.143-123.143t-123.143-51.143q-72.571 0-123.714 51.143t-51.143 123.143q0 72.571 51.143 123.429t123.714 50.857q72 0 123.143-50.857t51.143-123.429zM1024 333.143q0 108-76.286 184t-183.714 76l-249.714 182.286q-6.857 73.714-62.286 124.571t-130.857 50.857q-69.143 0-122.286-43.429t-67.429-109.714l-131.429-52.571v-245.143l222.286 89.714q45.143-27.429 98.857-27.429 7.429 0 20 1.143l162.286-232.571q1.143-106.857 77.429-182.286t183.143-75.429q107.429 0 183.714 76.286t76.286 183.714z"
				],
				"width": 1023.9989624023438,
				"attrs": [],
				"isMulticolor": false,
				"tags": [
					"steam"
				],
				"defaultCode": 61878,
				"grid": 14
			},
			"attrs": [],
			"properties": {
				"id": 397,
				"order": 10,
				"name": "steam",
				"prevSize": 28,
				"code": 61878
			},
			"setIdx": 0,
			"setId": 1,
			"iconIdx": 397
		},
		{
			"icon": {
				"paths": [
					"M512 248v248h-82.857v-248h82.857zM739.429 248v248h-82.857v-248h82.857zM739.429 682.286l144.571-145.143v-454.286h-682.286v599.429h186.286v124l124-124h227.429zM966.857 0v578.857l-248 248h-186.286l-124 124h-124v-124h-227.429v-661.714l62.286-165.143h847.429z"
				],
				"width": 1023.9989929199219,
				"attrs": [],
				"isMulticolor": false,
				"tags": [
					"twitch"
				],
				"defaultCode": 61928,
				"grid": 14
			},
			"attrs": [],
			"properties": {
				"id": 444,
				"order": 7,
				"name": "twitch",
				"prevSize": 28,
				"code": 61928
			},
			"setIdx": 0,
			"setId": 1,
			"iconIdx": 444
		}
	],
	"height": 1024,
	"metadata": {
		"name": "icomoon"
	},
	"preferences": {
		"showGlyphs": true,
		"showQuickUse": true,
		"showQuickUse2": true,
		"showSVGs": true,
		"fontPref": {
			"prefix": "icon-",
			"metadata": {
				"fontFamily": "icomoon"
			},
			"metrics": {
				"emSize": 1024,
				"baseline": 6.25,
				"whitespace": 50
			},
			"embed": false
		},
		"imagePref": {
			"prefix": "icon-",
			"png": true,
			"useClassSelector": true,
			"color": 0,
			"bgColor": 16777215,
			"classSelector": ".icon"
		},
		"historySize": 100,
		"showCodes": true,
		"gridSize": 16
	}
}